UNIQUEID,BUSNAME,Class,LATITUDE,LONGITUDE
14753461,KFC,Chicken,44.092401,-79.131748
14753529,KFC,Chicken,43.838035,-79.087173
14753545,KFC,Chicken,43.870544,-79.72534
14753560,KFC,Chicken,43.592269,-79.639204
14753594,KFC,Chicken,43.666233,-79.732853
14753677,KFC,Chicken,43.556317,-79.643923
14753768,KFC,Chicken,43.837102,-79.088797
14753818,KFC,Chicken,43.865442,-79.038676
14753859,KFC,Chicken,43.524223,-79.683391
14753917,KFC,Chicken,43.635644,-79.596324
14753933,KFC,Chicken,43.693347,-79.752184
14754048,KFC,Chicken,43.71731,-79.723459
14754063,KFC,Chicken,43.722517,-79.786592
14754378,KFC,Chicken,43.584142,-79.611813
14754493,KFC,Chicken,43.716158,-79.634972
14754550,KFC,Chicken,43.574728,-79.656728
14754568,KFC,Chicken,43.735229,-79.708099
14754667,KFC,Chicken,43.599171,-79.595199
14797583,KFC,Chicken,44.007752,-79.469643
14797591,KFC,Chicken,44.225278,-79.464679
14797617,KFC,Chicken,43.822166,-79.313946
14797674,KFC,Chicken,43.724085,-79.30083
14797732,KFC,Chicken,43.873158,-79.261595
14797815,KFC,Chicken,43.78331,-79.570853
14797997,KFC,Chicken,43.886153,-79.440793
14798102,KFC,Chicken,43.709424,-79.475462
14798185,KFC,Chicken,43.758775,-79.27855
14798227,KFC,Chicken,43.639022,-80.026296
14798292,KFC,Chicken,43.725825,-79.417132
14798334,KFC,Chicken,43.720504,-79.511225
14798359,KFC,Chicken,43.742479,-79.308619
14798367,KFC,Chicken,44.058005,-79.481254
14798391,KFC,Chicken,43.776098,-79.34754
14798409,KFC,Chicken,43.722734,-79.303016
14798433,KFC,Chicken,44.145046,-79.878962
14798466,KFC,Chicken,43.756991,-79.519136
14798474,KFC,Chicken,43.715375,-79.50721
14798482,KFC,Chicken,43.832753,-79.268082
14798565,KFC,Chicken,43.491647,-79.65067
14798581,KFC,Chicken,43.764253,-79.398325
14798607,KFC,Chicken,43.751456,-79.54499
14798649,KFC,Chicken,43.734876,-79.25619
14798706,KFC,Chicken,43.787475,-79.32886
14798714,KFC,Chicken,43.720573,-79.237535
14798862,KFC,Chicken,43.757877,-79.234119
14798870,KFC,Chicken,43.693554,-79.277461
14798904,KFC,Chicken,43.77995,-79.30235
14798979,KFC,Chicken,43.921284,-80.087746
14799043,KFC,Chicken,43.785141,-79.280066
14799191,KFC,Chicken,43.779577,-79.365455
14799290,KFC,Chicken,43.779212,-79.138801
14799373,KFC,Chicken,43.791871,-79.418637
14799407,KFC,Chicken,43.595099,-79.731599
14799456,KFC,Chicken,43.795854,-79.419623
14799472,KFC,Chicken,44.06245,-79.447115
14799571,KFC,Chicken,43.715498,-79.447422
14799779,KFC,Chicken,43.859339,-79.434392
15992498,KFC,Chicken,43.632675,-79.554698
15992506,KFC,Chicken,43.653224,-79.379749
15992555,KFC,Chicken,43.775465,-79.25407
15992563,KFC,Chicken,43.648891,-79.379615
15992605,KFC,Chicken,43.810831,-79.27096
15992647,KFC,Chicken,43.649279,-79.421822
15992662,KFC,Chicken,43.689289,-79.496119
15992712,KFC,Chicken,43.666668,-79.315649
15992720,KFC,Chicken,43.743897,-79.605813
15992761,KFC,Chicken,43.714041,-79.567928
15992795,KFC,Chicken,43.692628,-79.463818
15992803,KFC,Chicken,43.676138,-79.505799
15992845,KFC,Chicken,43.782974,-79.203825
15992852,KFC,Chicken,43.665597,-79.490375
15992860,KFC,Chicken,43.593253,-79.538712
15992894,KFC,Chicken,43.699036,-79.386529
15992936,KFC,Chicken,43.793477,-79.240181
15992969,KFC,Chicken,43.665368,-79.353048
15992977,KFC,Chicken,43.664553,-79.414244
15992985,KFC,Chicken,43.66551,-79.38244
15993041,KFC,Chicken,43.680339,-79.431825
22969570,KFC,Chicken,43.635057,-79.519529
22969596,KFC,Chicken,43.717725,-79.596887
24183105,KFC,Chicken,43.725868,-79.457223
24211344,KFC,Chicken,43.758085,-79.313869
24211401,KFC,Chicken,43.806106,-79.219764
24448565,KFC,Chicken,43.865646,-79.291426
25429283,KFC,Chicken,43.617256,-79.543278
25464116,KFC,Chicken,43.660242,-79.382718
26596379,KFC,Chicken,43.580701,-79.75983
26600312,KFC,Chicken,43.567115,-79.569308
26620096,KFC,Chicken,43.604654,-79.649622
26819250,KFC,Chicken,43.443432,-79.702915
27200955,KFC,Chicken,43.64806,-79.400182
27201011,KFC,Chicken,43.668589,-79.339004
28051167,KFC,Chicken,43.773467,-79.493649
30715221,KFC,Chicken,44.3111,-79.37813
33870858,KFC,Chicken,43.835632,-79.505883
41613746,KFC,Chicken,43.645107,-79.39182
41628785,KFC,Chicken,43.671661,-79.324411
42501122,KFC,Chicken,43.666796,-79.734268
42512327,KFC,Chicken,43.650803,-79.914887
43841840,KFC,Chicken,44.030206,-79.474537
44445963,KFC,Chicken,43.630156,-79.485758
46258901,KFC,Chicken,43.82283,-79.53325
47767041,KFC,Chicken,43.808891,-79.450939
48936363,KFC,Chicken,43.696942,-79.799003
49238389,KFC,Chicken,43.796822,-79.315888
51360600,KFC,Chicken,43.602103,-79.498969
51463552,KFC,Chicken,43.684249,-79.346715
51503845,KFC,Chicken,43.688144,-79.302406
30137608,KFC CANADA INC,Chicken,43.689842,-79.585862
51880656,KFC TACO BELL,Chicken,43.521112,-79.893198
42548438,KFC-ERIN MILLS,Chicken,43.558633,-79.716284
35269885,POPEYE CHICKEN & BISCUITS,Chicken,43.707842,-79.342479
48494520,POPEYES,Chicken,43.832812,-79.267157
43803980,POPEYES CHICKEN,Chicken,43.893007,-79.442145
15061740,POPEYE'S CHICKEN,Chicken,43.774844,-79.322672
46335436,POPEYE'S CHICKEN,Chicken,43.700896,-79.518531
48447957,POPEYE'S CHICKEN & BISCUIT,Chicken,43.756037,-79.51726
44430031,POPEYES CHICKEN & BISCUITS,Chicken,43.737715,-79.21816
48283576,POPEYES CHICKEN & BISCUITS,Chicken,43.713285,-79.554025
15667702,POPEYE'S CHICKEN & BISCUITS,Chicken,43.751783,-79.263298
15667710,POPEYE'S CHICKEN & BISCUITS,Chicken,43.654961,-79.380179
26113605,POPEYE'S CHICKEN & BISCUITS,Chicken,43.792558,-79.418561
30678403,POPEYE'S CHICKEN & BISCUITS,Chicken,43.740067,-79.58205
30742423,POPEYE'S CHICKEN & BISCUITS,Chicken,43.865334,-79.291961
32744419,POPEYE'S CHICKEN & BISCUITS,Chicken,43.723614,-79.509148
32744427,POPEYE'S CHICKEN & BISCUITS,Chicken,43.787732,-79.353328
33126640,POPEYE'S CHICKEN & BISCUITS,Chicken,43.587325,-79.626144
34213165,POPEYE'S CHICKEN & BISCUITS,Chicken,43.519648,-79.682881
36300549,POPEYE'S CHICKEN & BISCUITS,Chicken,43.697035,-79.4435
38573846,POPEYE'S CHICKEN & BISCUITS,Chicken,43.637058,-79.622676
39084991,POPEYE'S CHICKEN & BISCUITS,Chicken,43.658025,-79.399066
40725616,POPEYE'S CHICKEN & BISCUITS,Chicken,43.849204,-79.072018
41845926,POPEYE'S CHICKEN & BISCUITS,Chicken,43.789907,-79.196113
43322973,POPEYE'S CHICKEN & BISCUITS,Chicken,43.689095,-79.297337
48625149,POPEYE'S CHICKEN & BISCUITS,Chicken,43.670031,-79.386509
50200856,POPEYE'S CHICKEN & BISCUITS,Chicken,43.879795,-79.394473
46635124,POPEYES CHICKEN & BISQUIT,Chicken,43.667675,-79.735144
31632029,POPEYES CHICKEN & BISQUITS,Chicken,43.71731,-79.723459
52762143,POPEYES CHICKEN & SEA FOOD,Chicken,43.556429,-79.644109
53101390,POPEYES CHICKEN & SEAFOOD,Chicken,44.056667,-79.472599
53219507,POPEYES CHICKEN & SEAFOOD,Chicken,43.76837,-79.556388
15134976,MC DONALD'S,Hamburger,43.837102,-79.088797
15135007,MC DONALD'S,Hamburger,43.842319,-79.026598
15135403,MC DONALD'S,Hamburger,43.775531,-79.345379
15135502,MC DONALD'S,Hamburger,43.866212,-79.288089
15135536,MC DONALD'S,Hamburger,43.757731,-79.514437
15135627,MC DONALD'S,Hamburger,43.810831,-79.27096
15135684,MC DONALD'S,Hamburger,44.065934,-79.430863
15135718,MC DONALD'S,Hamburger,43.769974,-79.372744
15135858,MC DONALD'S,Hamburger,43.726996,-79.795035
15135882,MC DONALD'S,Hamburger,44.047443,-79.478452
15135999,MC DONALD'S,Hamburger,43.984087,-79.4625
15136005,MC DONALD'S,Hamburger,43.700966,-79.469271
15136070,MC DONALD'S,Hamburger,43.716516,-79.507564
15136179,MC DONALD'S,Hamburger,43.687308,-79.285285
15136245,MC DONALD'S,Hamburger,43.751783,-79.263298
15136369,MC DONALD'S,Hamburger,43.793811,-79.328687
15136385,MC DONALD'S,Hamburger,43.806106,-79.219764
15136401,MC DONALD'S,Hamburger,43.715114,-79.45478
15136476,MC DONALD'S,Hamburger,43.778284,-79.309496
15136526,MC DONALD'S,Hamburger,43.703817,-79.740404
15136567,MC DONALD'S,Hamburger,43.85629,-79.332127
15136641,MC DONALD'S,Hamburger,43.815438,-79.321786
15136963,MC DONALD'S,Hamburger,43.789493,-79.446367
15137078,MC DONALD'S,Hamburger,43.800739,-79.143221
15137268,MC DONALD'S,Hamburger,43.892846,-79.264145
15137359,MC DONALD'S,Hamburger,43.601389,-79.626154
15137375,MC DONALD'S,Hamburger,43.600475,-79.593452
15137458,MC DONALD'S,Hamburger,43.610434,-79.561275
15137466,MC DONALD'S,Hamburger,43.662357,-79.594289
15137482,MC DONALD'S,Hamburger,43.689927,-79.348862
15137508,MC DONALD'S,Hamburger,43.66809,-79.441755
15137524,MC DONALD'S,Hamburger,43.638698,-79.428044
15137664,MC DONALD'S,Hamburger,43.514635,-79.626158
15137680,MC DONALD'S,Hamburger,43.732826,-79.419566
15137698,MC DONALD'S,Hamburger,43.66843,-79.395739
15137748,MC DONALD'S,Hamburger,43.450592,-79.701961
15137755,MC DONALD'S,Hamburger,43.717691,-79.569708
15137771,MC DONALD'S,Hamburger,43.651438,-79.475363
15137797,MC DONALD'S,Hamburger,43.921609,-80.087022
15137813,MC DONALD'S,Hamburger,43.706995,-79.397564
15137821,MC DONALD'S,Hamburger,43.657041,-79.452727
15137862,MC DONALD'S,Hamburger,43.738821,-79.606421
15137904,MC DONALD'S,Hamburger,43.602444,-79.498245
15137946,MC DONALD'S,Hamburger,43.715655,-79.628605
15138001,MC DONALD'S,Hamburger,43.630805,-79.5775
15138019,MC DONALD'S,Hamburger,43.615559,-79.662064
15138027,MC DONALD'S,Hamburger,43.662705,-79.383749
15138035,MC DONALD'S,Hamburger,43.653408,-79.390954
15138084,MC DONALD'S,Hamburger,43.640514,-79.627407
15138134,MC DONALD'S,Hamburger,43.567115,-79.569308
15138159,MC DONALD'S,Hamburger,43.681548,-79.426946
15138191,MC DONALD'S,Hamburger,43.713509,-79.335746
15138266,MC DONALD'S,Hamburger,43.650762,-79.378413
15138332,MC DONALD'S,Hamburger,44.115805,-79.564994
22992275,MC DONALD'S,Hamburger,43.683936,-79.320516
22992317,MC DONALD'S,Hamburger,43.664972,-79.319296
23028053,MC DONALD'S,Hamburger,43.688457,-79.391989
23028095,MC DONALD'S,Hamburger,43.64188,-79.391105
24143489,MC DONALD'S,Hamburger,43.783159,-79.577204
24183873,MC DONALD'S,Hamburger,43.787732,-79.353328
25464579,MC DONALD'S,Hamburger,43.646707,-79.379284
25513060,MC DONALD'S,Hamburger,44.066041,-79.483265
26088963,MC DONALD'S,Hamburger,43.653174,-79.379729
26833665,MC DONALD'S,Hamburger,43.64968,-79.894561
27247378,MC DONALD'S,Hamburger,43.705015,-79.349532
27532365,MC DONALD'S,Hamburger,43.865646,-79.291426
27813328,MC DONALD'S,Hamburger,43.864488,-79.011882
28012359,MC DONALD'S,Hamburger,43.645764,-79.38736
29152733,MC DONALD'S,Hamburger,43.693239,-79.558005
29453198,MC DONALD'S,Hamburger,44.108791,-79.123402
29688801,MC DONALD'S,Hamburger,43.668589,-79.339004
29869211,MC DONALD'S,Hamburger,43.650694,-79.909386
29906146,MC DONALD'S,Hamburger,43.678115,-79.719823
30647671,MC DONALD'S,Hamburger,43.649753,-79.396909
30784722,MC DONALD'S,Hamburger,43.92036,-79.449841
31030851,MC DONALD'S,Hamburger,43.862122,-79.021523
31467434,MC DONALD'S,Hamburger,43.929437,-80.099887
31570195,MC DONALD'S,Hamburger,43.724085,-79.30083
31603434,MC DONALD'S,Hamburger,43.61099,-79.694232
31624893,MC DONALD'S,Hamburger,43.398103,-79.707601
31631344,MC DONALD'S,Hamburger,43.659938,-79.725359
32334484,MC DONALD'S,Hamburger,43.808891,-79.450939
32334500,MC DONALD'S,Hamburger,43.795912,-79.532151
32422065,MC DONALD'S,Hamburger,44.298615,-79.472959
32744013,MC DONALD'S,Hamburger,43.761928,-79.411163
32779365,MC DONALD'S,Hamburger,43.725314,-79.286709
32792160,MC DONALD'S,Hamburger,43.615042,-79.556391
33042680,MC DONALD'S,Hamburger,43.739724,-79.693844
33333295,MC DONALD'S,Hamburger,43.710372,-79.376781
33886003,MC DONALD'S,Hamburger,43.77358,-79.530753
34225102,MC DONALD'S,Hamburger,43.860286,-79.711598
34225110,MC DONALD'S,Hamburger,43.759309,-79.731257
34412858,MC DONALD'S,Hamburger,43.740067,-79.58205
35154194,MC DONALD'S,Hamburger,44.008531,-79.363603
35258003,MC DONALD'S,Hamburger,43.695882,-79.448937
35269679,MC DONALD'S,Hamburger,43.649574,-79.370777
35269687,MC DONALD'S,Hamburger,43.672049,-79.377964
35773886,MC DONALD'S,Hamburger,43.664838,-79.685631
35840941,MC DONALD'S,Hamburger,43.732435,-79.826292
35975598,MC DONALD'S,Hamburger,43.753456,-79.358158
35995547,MC DONALD'S,Hamburger,43.769557,-79.18773
35995562,MC DONALD'S,Hamburger,43.758932,-79.229141
35995604,MC DONALD'S,Hamburger,43.796822,-79.315888
36017846,MC DONALD'S,Hamburger,43.63946,-79.537405
36350825,MC DONALD'S,Hamburger,43.664392,-79.384453
36350833,MC DONALD'S,Hamburger,43.656124,-79.382351
36350841,MC DONALD'S,Hamburger,43.676544,-79.357641
36557411,MC DONALD'S,Hamburger,43.824526,-79.304009
36572857,MC DONALD'S,Hamburger,43.850935,-79.532301
36850659,MC DONALD'S,Hamburger,43.715498,-79.447422
37319670,MC DONALD'S,Hamburger,43.465369,-79.743136
37332665,MC DONALD'S,Hamburger,43.529115,-79.654743
37798600,MC DONALD'S,Hamburger,43.802313,-79.602777
37798618,MC DONALD'S,Hamburger,43.877281,-79.405711
37940574,MC DONALD'S,Hamburger,43.651424,-79.383556
37940582,MC DONALD'S,Hamburger,43.652851,-79.375468
38097051,MC DONALD'S,Hamburger,43.84797,-79.073808
38365300,MC DONALD'S,Hamburger,43.724906,-79.252669
38573499,MC DONALD'S,Hamburger,43.593614,-79.667622
38625109,MC DONALD'S,Hamburger,43.720192,-79.672845
38651659,MC DONALD'S,Hamburger,43.639022,-80.026296
39136148,MC DONALD'S,Hamburger,43.645664,-79.379776
39731385,MC DONALD'S,Hamburger,44.060024,-79.481783
39749114,MC DONALD'S,Hamburger,43.85573,-79.433541
39749411,MC DONALD'S,Hamburger,43.875486,-79.415197
39756788,MC DONALD'S,Hamburger,43.84257,-79.390671
39783360,MC DONALD'S,Hamburger,43.826156,-79.556373
39790282,MC DONALD'S,Hamburger,43.839253,-79.303962
40725608,MC DONALD'S,Hamburger,44.088999,-79.134206
41607755,MC DONALD'S,Hamburger,43.744442,-79.405438
41616715,MC DONALD'S,Hamburger,43.654961,-79.380179
41626607,MC DONALD'S,Hamburger,43.727594,-79.32878
41641655,MC DONALD'S,Hamburger,43.657017,-79.43438
41773524,MC DONALD'S,Hamburger,43.756839,-79.520612
41834318,MC DONALD'S,Hamburger,43.732467,-79.404196
41871617,MC DONALD'S,Hamburger,43.615042,-79.556391
42222943,MC DONALD'S,Hamburger,43.525273,-79.901698
42480681,MC DONALD'S,Hamburger,43.705921,-79.782739
42484121,MC DONALD'S,Hamburger,43.695518,-79.772688
42489989,MC DONALD'S,Hamburger,43.689704,-79.741382
42525667,MC DONALD'S,Hamburger,43.577805,-79.653239
42526715,MC DONALD'S,Hamburger,43.57818,-79.613604
42529909,MC DONALD'S,Hamburger,43.571363,-79.628764
42541391,MC DONALD'S,Hamburger,43.637398,-79.691757
42543249,MC DONALD'S,Hamburger,43.638093,-79.719095
42573345,MC DONALD'S,Hamburger,43.566819,-79.730197
42591248,MC DONALD'S,Hamburger,43.484061,-79.719333
42592238,MC DONALD'S,Hamburger,43.456945,-79.682756
42599662,MC DONALD'S,Hamburger,43.51951,-79.683031
42605022,MC DONALD'S,Hamburger,43.440783,-79.739454
42805390,MC DONALD'S,Hamburger,43.577717,-79.757998
43283027,MC DONALD'S,Hamburger,43.644483,-79.38684
43322494,MC DONALD'S,Hamburger,43.66911,-79.386131
44019701,MC DONALD'S,Hamburger,43.806979,-79.482522
44375327,MC DONALD'S,Hamburger,43.757306,-79.467376
44429793,MC DONALD'S,Hamburger,43.796954,-79.205694
44587285,MC DONALD'S,Hamburger,43.63334,-79.542737
44597102,MC DONALD'S,Hamburger,43.795854,-79.419623
44604965,MC DONALD'S,Hamburger,43.712332,-79.535489
44608651,MC DONALD'S,Hamburger,43.709744,-79.474162
44610194,MC DONALD'S,Hamburger,43.720504,-79.511225
44614931,MC DONALD'S,Hamburger,43.63083,-79.517786
44621506,MC DONALD'S,Hamburger,43.738593,-79.240001
44622637,MC DONALD'S,Hamburger,43.775465,-79.25407
44650778,MC DONALD'S,Hamburger,43.650143,-79.405268
44712206,MC DONALD'S,Hamburger,43.643735,-79.404009
44722981,MC DONALD'S,Hamburger,43.639769,-79.447622
44734671,MC DONALD'S,Hamburger,43.671934,-79.467454
44751568,MC DONALD'S,Hamburger,43.677803,-79.44409
44787562,MC DONALD'S,Hamburger,43.709106,-79.294884
44788495,MC DONALD'S,Hamburger,43.728456,-79.285214
44789485,MC DONALD'S,Hamburger,43.782509,-79.292054
45656568,MC DONALD'S,Hamburger,43.443572,-79.670488
45674843,MC DONALD'S,Hamburger,43.859925,-79.717089
45688405,MC DONALD'S,Hamburger,43.545059,-79.685027
45688413,MC DONALD'S,Hamburger,43.580701,-79.75983
46203493,MC DONALD'S,Hamburger,43.713085,-79.553915
47843198,MC DONALD'S,Hamburger,43.895101,-79.442658
48042592,MC DONALD'S,Hamburger,43.680954,-79.343544
48190110,MC DONALD'S,Hamburger,43.837102,-79.088797
48612345,MC DONALD'S,Hamburger,43.683693,-79.812768
50178532,MC DONALD'S,Hamburger,43.963087,-79.241331
50182062,MC DONALD'S,Hamburger,43.829146,-79.540536
50811504,MC DONALD'S,Hamburger,43.758085,-79.313869
51426872,MC DONALD'S,Hamburger,43.775465,-79.25407
51493427,MC DONALD'S,Hamburger,43.650762,-79.378413
51873214,MC DONALD'S,Hamburger,43.727068,-79.291758
52992195,MC DONALD'S,Hamburger,43.750023,-79.541817
28051266,MC DONALD'S RESTAURANTS-CANADA,Hamburger,43.727594,-79.32878
41845595,MAC DONALD RESTAURANT,Hamburger,43.810919,-79.243112
26620179,MAC DONALD'S RESTAURANTS,Hamburger,43.592269,-79.639204
39452792,MAC DONALD'S RESTAURANTS,Hamburger,43.854031,-79.255284
14477913,HARVEY'S,Hamburger,43.611148,-79.581925
14477947,HARVEY'S,Hamburger,43.523495,-79.681078
14477996,HARVEY'S,Hamburger,43.604654,-79.649622
14478283,HARVEY'S,Hamburger,44.066179,-79.430851
14478465,HARVEY'S,Hamburger,43.868212,-79.281085
14478556,HARVEY'S,Hamburger,43.783698,-79.568898
14478564,HARVEY'S,Hamburger,43.480937,-79.695436
14478598,HARVEY'S,Hamburger,43.711568,-79.308311
14478606,HARVEY'S,Hamburger,43.767264,-79.473614
14478705,HARVEY'S,Hamburger,43.865442,-79.038676
14478762,HARVEY'S,Hamburger,43.666499,-79.31558
14478838,HARVEY'S,Hamburger,43.801552,-79.494282
14478879,HARVEY'S,Hamburger,43.731185,-79.710115
14478929,HARVEY'S,Hamburger,43.748954,-79.278223
14478945,HARVEY'S,Hamburger,43.396559,-79.709301
14478952,HARVEY'S,Hamburger,43.66843,-79.395739
14479026,HARVEY'S,Hamburger,43.661249,-79.376289
14479083,HARVEY'S,Hamburger,43.692503,-79.768598
14479109,HARVEY'S,Hamburger,43.791729,-79.393374
14479133,HARVEY'S,Hamburger,43.737825,-79.218349
14479232,HARVEY'S,Hamburger,43.787414,-79.268765
14479240,HARVEY'S,Hamburger,43.522253,-79.901814
14479265,HARVEY'S,Hamburger,43.682676,-79.421042
14479299,HARVEY'S,Hamburger,43.779905,-79.231765
14479349,HARVEY'S,Hamburger,43.690812,-79.575061
14479380,HARVEY'S,Hamburger,43.664109,-79.585082
14479398,HARVEY'S,Hamburger,43.671974,-79.469894
14479406,HARVEY'S,Hamburger,43.624884,-79.508742
14479455,HARVEY'S,Hamburger,43.670599,-79.384564
14479463,HARVEY'S,Hamburger,43.85573,-79.433541
14479497,HARVEY'S,Hamburger,43.983525,-79.464655
16086084,HARVEY'S,Hamburger,43.688103,-79.391702
16275653,HARVEY'S,Hamburger,43.860185,-80.003589
25463894,HARVEY'S,Hamburger,43.648026,-79.379819
26833640,HARVEY'S,Hamburger,43.64919,-79.885219
29130366,HARVEY'S,Hamburger,43.740479,-79.310836
29689643,HARVEY'S,Hamburger,43.653224,-79.379749
29938768,HARVEY'S,Hamburger,43.508138,-79.633261
31030794,HARVEY'S,Hamburger,43.864488,-79.011882
31624794,HARVEY'S,Hamburger,43.472126,-79.697908
32163552,HARVEY'S,Hamburger,43.730081,-79.605538
32163560,HARVEY'S,Hamburger,43.615042,-79.556391
32334070,HARVEY'S,Hamburger,43.791851,-79.544919
32356545,HARVEY'S,Hamburger,43.857772,-79.293809
32428070,HARVEY'S,Hamburger,44.062792,-79.482449
32743593,HARVEY'S,Hamburger,43.730407,-79.418742
32778862,HARVEY'S,Hamburger,43.762226,-79.296878
32778888,HARVEY'S,Hamburger,43.79938,-79.193976
33656646,HARVEY'S,Hamburger,43.708525,-79.312693
33858713,HARVEY'S,Hamburger,43.966949,-79.270733
33885773,HARVEY'S,Hamburger,43.94757,-79.455235
33914284,HARVEY'S,Hamburger,44.298615,-79.472959
34059147,HARVEY'S,Hamburger,43.864488,-79.011882
34217562,HARVEY'S,Hamburger,43.517825,-79.682863
34224998,HARVEY'S,Hamburger,43.7321,-79.763188
34412429,HARVEY'S,Hamburger,43.734385,-79.602501
35171651,HARVEY'S,Hamburger,43.840146,-79.421245
35269224,HARVEY'S,Hamburger,43.649046,-79.372639
35773662,HARVEY'S,Hamburger,43.572445,-79.641944
35840891,HARVEY'S,Hamburger,43.680229,-79.716532
35995182,HARVEY'S,Hamburger,43.739404,-79.235544
36557247,HARVEY'S,Hamburger,43.851716,-79.252809
36572576,HARVEY'S,Hamburger,43.83561,-79.508078
36850428,HARVEY'S,Hamburger,43.733119,-79.452807
37298775,HARVEY'S,Hamburger,43.929437,-80.099887
37332368,HARVEY'S,Hamburger,43.587994,-79.742168
37332376,HARVEY'S,Hamburger,43.598828,-79.782068
37932159,HARVEY'S,Hamburger,43.701173,-79.464007
37939535,HARVEY'S,Hamburger,43.710854,-79.360972
39402656,HARVEY'S,Hamburger,44.062792,-79.482449
41845249,HARVEY'S,Hamburger,43.824915,-79.18951
44375178,HARVEY'S,Hamburger,43.726407,-79.34056
44445856,HARVEY'S,Hamburger,43.648112,-79.507841
45688207,HARVEY'S,Hamburger,43.577915,-79.653428
44599868,HARVEY'S ORIGINAL GRILL,Hamburger,43.648112,-79.507841
48064133,HARVEY'S RESTAURANT,Hamburger,43.716343,-79.455285
51458248,HARVEY'S RESTAURANT,Hamburger,43.726407,-79.34056
51928984,HARVEY'S RESTAURANT,Hamburger,43.615843,-79.688842
52038742,HARVEY'S RESTAURANT,Hamburger,43.480937,-79.695436
52783974,HARVEY'S RESTAURANT,Hamburger,43.671934,-79.467454
16275497,HARVEY'S RESTAURANTS,Hamburger,43.691519,-79.625808
52816949,HARVEY'S RESTAURANTS,Hamburger,43.710854,-79.360972
52978038,HARVEY'S RESTAURANTS,Hamburger,43.733119,-79.452807
50948199,A & W AJAX,Hamburger,43.846251,-79.019544
12903241,A & W ALL-AMERICAN FOOD,Hamburger,43.865646,-79.291426
52816188,A & W ALL-AMERICAN FOOD,Hamburger,43.670398,-79.386442
12902813,A & W FAMILY RESTAURANT,Hamburger,43.71731,-79.723459
12902862,A & W FAMILY RESTAURANT,Hamburger,43.632675,-79.554698
12902904,A & W FAMILY RESTAURANT,Hamburger,43.558745,-79.706926
12902987,A & W FAMILY RESTAURANT,Hamburger,43.462635,-79.688579
12903027,A & W FAMILY RESTAURANT,Hamburger,43.654464,-79.380279
12903068,A & W FAMILY RESTAURANT,Hamburger,43.725868,-79.457223
12903167,A & W FAMILY RESTAURANT,Hamburger,43.855701,-79.43378
12903175,A & W FAMILY RESTAURANT,Hamburger,43.592269,-79.639204
26135293,A & W FAMILY RESTAURANT,Hamburger,43.824165,-79.263407
26805663,A & W FAMILY RESTAURANT,Hamburger,43.666796,-79.734268
27199322,A & W FAMILY RESTAURANT,Hamburger,43.775465,-79.25407
29845450,A & W FAMILY RESTAURANT,Hamburger,43.518136,-79.877037
31624612,A & W FAMILY RESTAURANT,Hamburger,43.417081,-79.715027
32181059,A & W FAMILY RESTAURANT,Hamburger,43.707217,-79.398593
33093030,A & W FAMILY RESTAURANT,Hamburger,43.522365,-79.893304
36847812,A & W FAMILY RESTAURANT,Hamburger,43.768649,-79.388365
37331956,A & W FAMILY RESTAURANT,Hamburger,43.587207,-79.6378
38362778,A & W FAMILY RESTAURANT,Hamburger,43.764748,-79.301677
38624730,A & W FAMILY RESTAURANT,Hamburger,43.73649,-79.7041
38651634,A & W FAMILY RESTAURANT,Hamburger,43.649639,-79.889113
38656914,A & W FAMILY RESTAURANT,Hamburger,43.921284,-80.087746
42804500,A & W FAMILY RESTAURANT,Hamburger,43.608938,-79.691721
44013431,A & W FAMILY RESTAURANT,Hamburger,44.058005,-79.481254
45696705,A & W FAMILY RESTAURANT,Hamburger,43.605933,-79.587473
46367074,A & W FAMILY RESTAURANT,Hamburger,43.785005,-79.185418
37823309,A & W RESTAURANT,Hamburger,44.033561,-79.47556
53013488,A & W TRADING INTL,Hamburger,43.710382,-79.297848
46229340,A & W VAUGHAN MILLS CTR,Hamburger,43.82283,-79.53325
49209448,A&W RESTAURANT AJAX,Hamburger,43.846251,-79.019544
13423504,BURGER KING,Hamburger,43.62471,-79.605312
13423520,BURGER KING,Hamburger,43.592269,-79.639204
13423629,BURGER KING,Hamburger,43.593863,-79.564564
13423710,BURGER KING,Hamburger,43.701932,-79.742215
13423843,BURGER KING,Hamburger,43.837932,-79.026261
13423926,BURGER KING,Hamburger,43.61902,-79.669363
13423975,BURGER KING,Hamburger,43.596476,-79.734761
13424015,BURGER KING,Hamburger,43.830269,-79.306754
13424163,BURGER KING,Hamburger,43.707387,-79.395822
13424189,BURGER KING,Hamburger,43.650163,-79.535524
13424197,BURGER KING,Hamburger,43.751816,-79.544104
13424205,BURGER KING,Hamburger,43.654961,-79.380179
13424213,BURGER KING,Hamburger,43.751409,-79.265433
24216640,BURGER KING,Hamburger,43.776018,-79.41447
25435876,BURGER KING,Hamburger,43.639506,-79.425024
26121160,BURGER KING,Hamburger,43.713801,-79.456619
29180569,BURGER KING,Hamburger,43.893007,-79.442145
29859311,BURGER KING,Hamburger,43.522318,-79.681139
29938297,BURGER KING,Hamburger,43.577915,-79.653428
30696884,BURGER KING,Hamburger,43.661111,-79.329128
32182693,BURGER KING,Hamburger,43.707842,-79.342479
32427908,BURGER KING,Hamburger,44.058005,-79.481254
33633777,BURGER KING,Hamburger,43.658025,-79.399066
34217380,BURGER KING,Hamburger,43.47012,-79.693247
34224873,BURGER KING,Hamburger,43.71731,-79.723459
34372789,BURGER KING,Hamburger,43.76196,-79.410924
35170760,BURGER KING,Hamburger,43.835692,-79.505655
35170778,BURGER KING,Hamburger,43.787241,-79.551722
35436492,BURGER KING,Hamburger,43.817034,-79.118318
35840818,BURGER KING,Hamburger,43.741124,-79.698453
35974633,BURGER KING,Hamburger,43.71915,-79.516345
36017069,BURGER KING,Hamburger,43.717725,-79.596887
36017077,BURGER KING,Hamburger,43.624884,-79.508742
36349959,BURGER KING,Hamburger,43.707387,-79.395822
36858017,BURGER KING,Hamburger,43.758932,-79.229141
36872919,BURGER KING,Hamburger,43.762626,-79.290881
37777299,BURGER KING,Hamburger,43.850736,-79.354445
37798162,BURGER KING,Hamburger,43.877281,-79.405711
37931227,BURGER KING,Hamburger,43.706678,-79.513149
38363438,BURGER KING,Hamburger,43.782509,-79.292054
38389011,BURGER KING,Hamburger,43.618927,-79.536202
39773270,BURGER KING,Hamburger,43.772252,-79.349981
41820432,BURGER KING,Hamburger,43.665166,-79.41056
44763381,BURGER KING,Hamburger,43.690307,-79.292045
44842284,BURGER KING,Hamburger,43.65704,-79.388953
45687902,BURGER KING,Hamburger,43.657756,-79.651058
53107397,BURGER KING,Hamburger,43.964071,-79.274303
48036123,BURGER KING CANADA INC,Hamburger,43.776018,-79.41447
31519366,BURGER KING RESTAURANTS-CANADA,Hamburger,43.727824,-79.478824
51517399,BURGER KING RESTAURANTS-CANADA,Hamburger,43.751409,-79.265433
52976982,BURGER KING RESTAURANTS-CANADA,Hamburger,43.644688,-79.567112
16596579,WENDY'S,Hamburger,43.647055,-79.384308
16596645,WENDY'S,Hamburger,43.843398,-79.021552
16596892,WENDY'S,Hamburger,43.712711,-79.46144
16596900,WENDY'S,Hamburger,43.767096,-79.475186
16596967,WENDY'S,Hamburger,43.88408,-79.440313
16596991,WENDY'S,Hamburger,43.761875,-79.27974
16597049,WENDY'S,Hamburger,43.731853,-79.289324
16597171,WENDY'S,Hamburger,43.717691,-79.569708
26621656,WENDY'S,Hamburger,43.627293,-79.678314
27501261,WENDY'S,Hamburger,43.787266,-79.558294
29752094,WENDY'S,Hamburger,43.771592,-79.321159
29859774,WENDY'S,Hamburger,43.506795,-79.666126
29940020,WENDY'S,Hamburger,43.528879,-79.674882
30732051,WENDY'S,Hamburger,44.066518,-79.428552
33042938,WENDY'S,Hamburger,43.701408,-79.710157
33053869,WENDY'S,Hamburger,43.483535,-79.713594
33093097,WENDY'S,Hamburger,43.522253,-79.901814
33657552,WENDY'S,Hamburger,43.703914,-79.351299
33657560,WENDY'S,Hamburger,43.660141,-79.33097
33859091,WENDY'S,Hamburger,43.830927,-79.353248
33887522,WENDY'S,Hamburger,43.835637,-79.507838
33892407,WENDY'S,Hamburger,44.059776,-79.481467
34217844,WENDY'S,Hamburger,43.440963,-79.701984
34256735,WENDY'S,Hamburger,43.572445,-79.641944
34256750,WENDY'S,Hamburger,43.587946,-79.741936
34413351,WENDY'S,Hamburger,43.638819,-79.537909
35172832,WENDY'S,Hamburger,43.804753,-79.421659
35193507,WENDY'S,Hamburger,44.003127,-79.452836
35270370,WENDY'S,Hamburger,43.648891,-79.379615
35436682,WENDY'S,Hamburger,43.864488,-79.011882
35831080,WENDY'S,Hamburger,43.42649,-79.726325
35842590,WENDY'S,Hamburger,43.680065,-79.710822
35851757,WENDY'S,Hamburger,43.929232,-80.093703
35996016,WENDY'S,Hamburger,43.79683,-79.248364
35996024,WENDY'S,Hamburger,43.726044,-79.291059
35996032,WENDY'S,Hamburger,43.823629,-79.296361
35996040,WENDY'S,Hamburger,43.802493,-79.19733
36008852,WENDY'S,Hamburger,43.782974,-79.203825
36573673,WENDY'S,Hamburger,43.823446,-79.481762
36573681,WENDY'S,Hamburger,43.76837,-79.556388
36613156,WENDY'S,Hamburger,44.114624,-79.551977
36786069,WENDY'S,Hamburger,44.147272,-79.886136
37011988,WENDY'S,Hamburger,43.821968,-79.111504
37333531,WENDY'S,Hamburger,43.610998,-79.748774
37798972,WENDY'S,Hamburger,43.850166,-79.534274
37798980,WENDY'S,Hamburger,43.775999,-79.605098
38625661,WENDY'S,Hamburger,43.870544,-79.72534
39136973,WENDY'S,Hamburger,43.662753,-79.383516
41774258,WENDY'S,Hamburger,43.780267,-79.413065
42481499,WENDY'S,Hamburger,43.693727,-79.770592
42488080,WENDY'S,Hamburger,43.738076,-79.700392
42503136,WENDY'S,Hamburger,43.696982,-79.798671
42541763,WENDY'S,Hamburger,43.667175,-79.665982
42553420,WENDY'S,Hamburger,43.639187,-79.623635
42560607,WENDY'S,Hamburger,43.715655,-79.628605
42566554,WENDY'S,Hamburger,43.695404,-79.630972
42567685,WENDY'S,Hamburger,43.646101,-79.703053
42573238,WENDY'S,Hamburger,43.609396,-79.698967
42581827,WENDY'S,Hamburger,43.555635,-79.710408
43323856,WENDY'S,Hamburger,43.688251,-79.393869
43805811,WENDY'S,Hamburger,43.787399,-79.496038
43851666,WENDY'S,Hamburger,43.855466,-79.359372
44448603,WENDY'S,Hamburger,43.615049,-79.524125
44448611,WENDY'S,Hamburger,43.617524,-79.541302
48883128,WENDYS RESTAURANT,Hamburger,43.700985,-79.51215
47820980,WENDY'S RESTAURANT,Hamburger,43.820724,-79.324855
48464218,WENDY'S RESTAURANT,Hamburger,43.786007,-79.475036
49039332,WENDY'S RESTAURANT,Hamburger,43.440963,-79.701984
16596611,WENDY'S RESTAURANTS OF CANADA,Hamburger,43.440963,-79.701984
51433738,WENDY'S RESTAURANTS OF CANADA,Hamburger,43.823629,-79.296361
48404842,DOMINOS PIZZA,Pizza,43.772537,-79.493048
50163690,DOMINOS PIZZA,Pizza,43.856875,-79.252628
13964440,DOMINO'S PIZZA,Pizza,43.568904,-79.665385
13964515,DOMINO'S PIZZA,Pizza,43.528828,-79.639447
13964531,DOMINO'S PIZZA,Pizza,43.746553,-79.71751
13964556,DOMINO'S PIZZA,Pizza,43.523705,-79.873554
13964614,DOMINO'S PIZZA,Pizza,43.537652,-79.686861
13964721,DOMINO'S PIZZA,Pizza,43.46535,-79.684805
13964747,DOMINO'S PIZZA,Pizza,43.695518,-79.772688
13964804,DOMINO'S PIZZA,Pizza,43.662762,-79.367463
13964986,DOMINO'S PIZZA,Pizza,43.584236,-79.765928
13965025,DOMINO'S PIZZA,Pizza,43.812707,-79.423813
13965108,DOMINO'S PIZZA,Pizza,43.852244,-79.432705
13965157,DOMINO'S PIZZA,Pizza,43.706759,-79.442954
24221913,DOMINO'S PIZZA,Pizza,43.774999,-79.176562
24708521,DOMINO'S PIZZA,Pizza,43.579557,-79.615217
25503152,DOMINO'S PIZZA,Pizza,43.680093,-79.338576
25503160,DOMINO'S PIZZA,Pizza,43.713413,-79.365966
25760240,DOMINO'S PIZZA,Pizza,43.828466,-79.089928
26137257,DOMINO'S PIZZA,Pizza,43.705126,-79.251917
29949997,DOMINO'S PIZZA,Pizza,43.632624,-79.61428
30670772,DOMINO'S PIZZA,Pizza,43.641248,-79.537647
30747315,DOMINO'S PIZZA,Pizza,43.878705,-79.239014
31468408,DOMINO'S PIZZA,Pizza,43.64968,-79.894561
32428468,DOMINO'S PIZZA,Pizza,44.001031,-79.456257
32766263,DOMINO'S PIZZA,Pizza,43.766803,-79.260029
32766297,DOMINO'S PIZZA,Pizza,43.743772,-79.301753
33603077,DOMINO'S PIZZA,Pizza,43.651084,-79.439333
33603192,DOMINO'S PIZZA,Pizza,43.664179,-79.469903
33641184,DOMINO'S PIZZA,Pizza,43.679205,-79.297176
33641358,DOMINO'S PIZZA,Pizza,43.705593,-79.288939
36856466,DOMINO'S PIZZA,Pizza,43.762646,-79.211592
37822780,DOMINO'S PIZZA,Pizza,44.057815,-79.460468
38620506,DOMINO'S PIZZA,Pizza,43.709147,-79.791479
39081732,DOMINO'S PIZZA,Pizza,43.641545,-79.403098
39457676,DOMINO'S PIZZA,Pizza,43.830269,-79.306754
41610130,DOMINO'S PIZZA,Pizza,43.659893,-79.512696
41789538,DOMINO'S PIZZA,Pizza,43.764253,-79.398325
41815242,DOMINO'S PIZZA,Pizza,43.668864,-79.412763
42481341,DOMINO'S PIZZA,Pizza,43.682012,-79.730991
42780502,DOMINO'S PIZZA,Pizza,43.569641,-79.566674
42780510,DOMINO'S PIZZA,Pizza,43.579488,-79.725787
43802719,DOMINO'S PIZZA,Pizza,43.842316,-79.509377
43850783,DOMINO'S PIZZA,Pizza,43.861051,-79.311513
44379048,DOMINO'S PIZZA,Pizza,43.753335,-79.449307
44416097,DOMINO'S PIZZA,Pizza,43.686751,-79.438647
45565157,DOMINO'S PIZZA,Pizza,43.908343,-80.096801
46954806,DOMINO'S PIZZA,Pizza,43.860009,-79.025608
52427556,DOMINO'S PIZZA,Pizza,43.439365,-79.750231
49072531,DOMINO'S PIZZA SCARBOROUGH,Pizza,43.795524,-79.320504
14329296,GINO'S PIZZA,Pizza,43.440137,-79.717899
14329304,GINO'S PIZZA,Pizza,43.412015,-79.704914
14329437,GINO'S PIZZA,Pizza,43.519648,-79.682881
14329593,GINO'S PIZZA,Pizza,43.517976,-79.878134
32792277,GINO'S PIZZA,Pizza,43.632675,-79.554698
33915026,GINO'S PIZZA,Pizza,44.22701,-79.464486
35748300,GINO'S PIZZA,Pizza,43.552633,-79.584533
35843416,GINO'S PIZZA,Pizza,43.735229,-79.708099
37308434,GINO'S PIZZA,Pizza,43.678216,-79.749381
38341004,GINO'S PIZZA,Pizza,43.795854,-79.419623
38572756,GINO'S PIZZA,Pizza,43.71817,-79.637708
38572780,GINO'S PIZZA,Pizza,43.508138,-79.633261
38587895,GINO'S PIZZA,Pizza,43.601389,-79.626154
39080072,GINO'S PIZZA,Pizza,43.653348,-79.37547
42593004,GINO'S PIZZA,Pizza,43.47012,-79.693247
45687183,GINO'S PIZZA,Pizza,43.58371,-79.716625
45687191,GINO'S PIZZA,Pizza,43.59503,-79.567851
52091576,GINO'S PIZZA,Pizza,43.695395,-79.77286
52094059,GINO'S PIZZA,Pizza,43.580835,-79.617326
53130027,GINO'S PIZZA,Pizza,43.777045,-79.6037
14329528,GINO'S PIZZA BAR & GRILL,Pizza,43.651945,-79.447904
41868589,GINO'S PIZZA EXPRESS,Pizza,43.690812,-79.575061
15649312,PIZZA HUT,Pizza,43.526715,-79.651068
15649460,PIZZA HUT,Pizza,43.702182,-79.741925
15649502,PIZZA HUT,Pizza,43.738076,-79.700392
15649536,PIZZA HUT,Pizza,43.64968,-79.894561
15649650,PIZZA HUT,Pizza,43.921206,-80.088974
15649767,PIZZA HUT,Pizza,43.866212,-79.288089
15649783,PIZZA HUT,Pizza,43.507365,-79.862906
15649882,PIZZA HUT,Pizza,43.587946,-79.741936
15650070,PIZZA HUT,Pizza,43.723012,-79.797806
15650088,PIZZA HUT,Pizza,43.861014,-79.435023
24487688,PIZZA HUT,Pizza,44.148436,-79.882089
24708828,PIZZA HUT,Pizza,43.586276,-79.69817
25503749,PIZZA HUT,Pizza,43.642391,-79.576361
27202134,PIZZA HUT,Pizza,43.714041,-79.567928
27202183,PIZZA HUT,Pizza,43.666796,-79.734268
27247980,PIZZA HUT,Pizza,43.705121,-79.492872
27248004,PIZZA HUT,Pizza,43.736065,-79.348166
27248020,PIZZA HUT,Pizza,43.722734,-79.303016
27248111,PIZZA HUT,Pizza,43.690812,-79.575061
27248145,PIZZA HUT,Pizza,43.661575,-79.381137
28049237,PIZZA HUT,Pizza,43.756991,-79.519136
31522147,PIZZA HUT,Pizza,43.772799,-79.321715
32728297,PIZZA HUT,Pizza,43.723341,-79.41613
32728305,PIZZA HUT,Pizza,43.764508,-79.411788
32760795,PIZZA HUT,Pizza,43.670734,-79.297486
32764151,PIZZA HUT,Pizza,43.643056,-79.406417
32766461,PIZZA HUT,Pizza,43.803392,-79.287525
32766487,PIZZA HUT,Pizza,43.763359,-79.292031
32766495,PIZZA HUT,Pizza,43.70955,-79.269253
32790347,PIZZA HUT,Pizza,43.697366,-79.533317
32790354,PIZZA HUT,Pizza,43.602103,-79.498969
33332982,PIZZA HUT,Pizza,43.677704,-79.389939
33333006,PIZZA HUT,Pizza,43.70027,-79.373156
33657164,PIZZA HUT,Pizza,43.76517,-79.192113
33885666,PIZZA HUT,Pizza,43.835632,-79.505883
35258540,PIZZA HUT,Pizza,43.657017,-79.43438
36351153,PIZZA HUT,Pizza,43.682973,-79.346469
37899499,PIZZA HUT,Pizza,43.754735,-79.351412
38360673,PIZZA HUT,Pizza,43.757877,-79.234119
41789348,PIZZA HUT,Pizza,43.794178,-79.355042
41847104,PIZZA HUT,Pizza,43.652289,-79.471518
41847138,PIZZA HUT,Pizza,43.677205,-79.44681
41847286,PIZZA HUT,Pizza,43.806106,-79.219764
42478693,PIZZA HUT,Pizza,43.667675,-79.735144
42805721,PIZZA HUT,Pizza,43.604654,-79.649622
43287093,PIZZA HUT,Pizza,43.680339,-79.431825
45671054,PIZZA HUT,Pizza,43.696942,-79.799003
47402219,PIZZA HUT,Pizza,43.709404,-79.453559
51862332,PIZZA HUT,Pizza,43.66843,-79.395739
51862373,PIZZA HUT,Pizza,43.657293,-79.374006
52779485,PIZZA HUT,Pizza,43.741958,-79.593744
53127965,PIZZA HUT,Pizza,43.867706,-79.413327
45675030,PIZZA HUT CANADA,Pizza,43.794407,-79.755288
30137590,PIZZA HUT CANADA INC,Pizza,43.689842,-79.585862
15650666,PIZZA PIZZA,Pizza,43.919074,-80.097823
15650708,PIZZA PIZZA,Pizza,43.669425,-79.37972
25374414,PIZZA PIZZA,Pizza,44.156366,-79.861682
29220837,PIZZA PIZZA,Pizza,44.04296,-79.83067
35193192,PIZZA PIZZA,Pizza,44.06245,-79.447115
39733183,PIZZA PIZZA,Pizza,43.862719,-79.303151
47340013,PIZZA PIZZA,Pizza,43.844876,-79.407942
51438430,PIZZA PIZZA,Pizza,43.782509,-79.292054
51490969,PIZZA PIZZA,Pizza,43.747118,-79.487064
51503597,PIZZA PIZZA,Pizza,43.669042,-79.304219
51510857,PIZZA PIZZA,Pizza,43.740067,-79.58205
51512564,PIZZA PIZZA,Pizza,43.711441,-79.569011
51515120,PIZZA PIZZA,Pizza,43.768634,-79.26761
52092566,PIZZA PIZZA,Pizza,43.76271,-79.411357
52630001,PIZZA PIZZA,Pizza,43.862122,-79.021523
52630019,PIZZA PIZZA,Pizza,43.865442,-79.038676
52630027,PIZZA PIZZA,Pizza,43.830966,-79.016187
52630035,PIZZA PIZZA,Pizza,43.99095,-79.465575
52630084,PIZZA PIZZA,Pizza,43.733247,-79.720229
52630092,PIZZA PIZZA,Pizza,43.701932,-79.742215
52630118,PIZZA PIZZA,Pizza,43.726996,-79.795035
52630126,PIZZA PIZZA,Pizza,43.692503,-79.768598
52630134,PIZZA PIZZA,Pizza,43.678216,-79.749381
52630142,PIZZA PIZZA,Pizza,43.760996,-79.732014
52630159,PIZZA PIZZA,Pizza,43.678115,-79.719823
52630167,PIZZA PIZZA,Pizza,43.681905,-79.816467
52630258,PIZZA PIZZA,Pizza,43.846251,-79.019544
52630308,PIZZA PIZZA,Pizza,43.630644,-79.482694
52630316,PIZZA PIZZA,Pizza,43.650273,-79.904827
52641131,PIZZA PIZZA,Pizza,44.102023,-79.491259
52641149,PIZZA PIZZA,Pizza,43.929427,-79.52152
52641255,PIZZA PIZZA,Pizza,43.716158,-79.634972
52641263,PIZZA PIZZA,Pizza,43.850058,-79.519784
52641271,PIZZA PIZZA,Pizza,43.893277,-79.264207
52641289,PIZZA PIZZA,Pizza,43.841374,-79.30348
52641297,PIZZA PIZZA,Pizza,43.876477,-79.260564
52641305,PIZZA PIZZA,Pizza,43.508835,-79.862294
52641313,PIZZA PIZZA,Pizza,43.609529,-79.616632
52641321,PIZZA PIZZA,Pizza,43.545059,-79.685027
52641339,PIZZA PIZZA,Pizza,43.599114,-79.713882
52641347,PIZZA PIZZA,Pizza,43.602521,-79.755761
52641354,PIZZA PIZZA,Pizza,43.611148,-79.581925
52641362,PIZZA PIZZA,Pizza,43.559006,-79.641129
52641370,PIZZA PIZZA,Pizza,43.532114,-79.671626
52641388,PIZZA PIZZA,Pizza,43.613884,-79.645146
52641396,PIZZA PIZZA,Pizza,43.579218,-79.683726
52641404,PIZZA PIZZA,Pizza,43.558633,-79.716284
52641412,PIZZA PIZZA,Pizza,43.529115,-79.654743
52641420,PIZZA PIZZA,Pizza,43.572578,-79.637841
52641438,PIZZA PIZZA,Pizza,43.57818,-79.613604
52641446,PIZZA PIZZA,Pizza,43.554436,-79.582849
52641453,PIZZA PIZZA,Pizza,43.573933,-79.562081
52641461,PIZZA PIZZA,Pizza,43.553995,-79.722609
52641479,PIZZA PIZZA,Pizza,43.584859,-79.75899
52641487,PIZZA PIZZA,Pizza,43.595099,-79.731599
52641495,PIZZA PIZZA,Pizza,43.591915,-79.62721
52641503,PIZZA PIZZA,Pizza,43.517695,-79.638674
52641511,PIZZA PIZZA,Pizza,43.556636,-79.738918
52641529,PIZZA PIZZA,Pizza,44.045006,-79.438777
52641537,PIZZA PIZZA,Pizza,44.03482,-79.475566
52641545,PIZZA PIZZA,Pizza,44.062792,-79.482449
52641594,PIZZA PIZZA,Pizza,43.465369,-79.743136
52641602,PIZZA PIZZA,Pizza,43.500169,-79.661452
52641610,PIZZA PIZZA,Pizza,43.442135,-79.672317
52641628,PIZZA PIZZA,Pizza,43.398212,-79.707789
52641636,PIZZA PIZZA,Pizza,43.480937,-79.695436
52641644,PIZZA PIZZA,Pizza,43.440783,-79.739454
52641651,PIZZA PIZZA,Pizza,43.929099,-80.093545
52641982,PIZZA PIZZA,Pizza,43.819348,-79.11471
52642006,PIZZA PIZZA,Pizza,43.841329,-79.083544
52642014,PIZZA PIZZA,Pizza,43.831619,-79.121198
52642055,PIZZA PIZZA,Pizza,43.877281,-79.405711
52642063,PIZZA PIZZA,Pizza,43.859339,-79.434392
52642071,PIZZA PIZZA,Pizza,43.872822,-79.437467
52642170,PIZZA PIZZA,Pizza,43.970557,-79.250821
52642188,PIZZA PIZZA,Pizza,43.671594,-79.387435
52642196,PIZZA PIZZA,Pizza,43.665078,-79.411848
52642204,PIZZA PIZZA,Pizza,43.661222,-79.428762
52642212,PIZZA PIZZA,Pizza,43.654751,-79.459359
52642220,PIZZA PIZZA,Pizza,43.65096,-79.476701
52642238,PIZZA PIZZA,Pizza,43.648965,-79.484875
52642246,PIZZA PIZZA,Pizza,43.655662,-79.3769
52642253,PIZZA PIZZA,Pizza,43.676149,-79.358956
52642261,PIZZA PIZZA,Pizza,43.679516,-79.342438
52642279,PIZZA PIZZA,Pizza,43.685487,-79.313373
52642287,PIZZA PIZZA,Pizza,43.68953,-79.295446
52642295,PIZZA PIZZA,Pizza,43.657017,-79.43438
52642303,PIZZA PIZZA,Pizza,43.661468,-79.435858
52642311,PIZZA PIZZA,Pizza,43.700821,-79.426037
52642329,PIZZA PIZZA,Pizza,43.734205,-79.469809
52642337,PIZZA PIZZA,Pizza,43.669475,-79.334273
52642345,PIZZA PIZZA,Pizza,43.670757,-79.329342
52642352,PIZZA PIZZA,Pizza,43.676742,-79.495771
52642360,PIZZA PIZZA,Pizza,43.709424,-79.475462
52642378,PIZZA PIZZA,Pizza,43.708026,-79.389854
52642386,PIZZA PIZZA,Pizza,43.66772,-79.369455
52642394,PIZZA PIZZA,Pizza,43.658674,-79.351244
52642410,PIZZA PIZZA,Pizza,43.650198,-79.390084
52642428,PIZZA PIZZA,Pizza,43.646976,-79.404555
52642436,PIZZA PIZZA,Pizza,43.643252,-79.423925
52642444,PIZZA PIZZA,Pizza,43.641036,-79.434965
52642451,PIZZA PIZZA,Pizza,43.682676,-79.421042
52642469,PIZZA PIZZA,Pizza,43.67955,-79.436249
52642477,PIZZA PIZZA,Pizza,43.666126,-79.379579
52642485,PIZZA PIZZA,Pizza,43.66753,-79.369986
52642493,PIZZA PIZZA,Pizza,43.64857,-79.374503
52642501,PIZZA PIZZA,Pizza,43.700456,-79.516897
52642519,PIZZA PIZZA,Pizza,43.657414,-79.381489
52642527,PIZZA PIZZA,Pizza,43.661775,-79.384703
52642543,PIZZA PIZZA,Pizza,43.689593,-79.394571
52642550,PIZZA PIZZA,Pizza,43.697825,-79.396609
52642568,PIZZA PIZZA,Pizza,43.707397,-79.398327
52642576,PIZZA PIZZA,Pizza,43.728144,-79.40285
52642584,PIZZA PIZZA,Pizza,43.796822,-79.315888
52642592,PIZZA PIZZA,Pizza,43.787732,-79.353328
52642600,PIZZA PIZZA,Pizza,43.720504,-79.511225
52642618,PIZZA PIZZA,Pizza,43.70744,-79.375643
52642626,PIZZA PIZZA,Pizza,43.704948,-79.313286
52642634,PIZZA PIZZA,Pizza,43.705015,-79.349532
52642642,PIZZA PIZZA,Pizza,43.644731,-79.522814
52642659,PIZZA PIZZA,Pizza,43.605298,-79.546887
52642667,PIZZA PIZZA,Pizza,43.648924,-79.548249
52642675,PIZZA PIZZA,Pizza,43.660322,-79.582097
52642683,PIZZA PIZZA,Pizza,43.737747,-79.565384
52642691,PIZZA PIZZA,Pizza,43.693239,-79.558005
52642709,PIZZA PIZZA,Pizza,43.685457,-79.52203
52642717,PIZZA PIZZA,Pizza,43.601764,-79.501355
52642725,PIZZA PIZZA,Pizza,43.733107,-79.589776
52642733,PIZZA PIZZA,Pizza,43.626054,-79.503384
52642741,PIZZA PIZZA,Pizza,43.680388,-79.54571
52642758,PIZZA PIZZA,Pizza,43.757731,-79.514437
52642766,PIZZA PIZZA,Pizza,43.740325,-79.513245
52642774,PIZZA PIZZA,Pizza,43.736748,-79.344911
52642782,PIZZA PIZZA,Pizza,43.800226,-79.370317
52642790,PIZZA PIZZA,Pizza,43.76366,-79.400949
52642808,PIZZA PIZZA,Pizza,43.76954,-79.375465
52642816,PIZZA PIZZA,Pizza,43.774737,-79.325014
52642824,PIZZA PIZZA,Pizza,43.75544,-79.439466
52642832,PIZZA PIZZA,Pizza,43.805898,-79.383996
52642840,PIZZA PIZZA,Pizza,43.767223,-79.560948
52642857,PIZZA PIZZA,Pizza,43.791894,-79.447854
52642865,PIZZA PIZZA,Pizza,43.736416,-79.439216
52642873,PIZZA PIZZA,Pizza,43.727527,-79.480274
52642881,PIZZA PIZZA,Pizza,43.789803,-79.418126
52642899,PIZZA PIZZA,Pizza,43.760845,-79.326535
52642907,PIZZA PIZZA,Pizza,43.795833,-79.272113
52642915,PIZZA PIZZA,Pizza,43.709369,-79.266487
52642923,PIZZA PIZZA,Pizza,43.735136,-79.255954
52642931,PIZZA PIZZA,Pizza,43.793811,-79.328687
52642949,PIZZA PIZZA,Pizza,43.821006,-79.306017
52642956,PIZZA PIZZA,Pizza,43.680949,-79.283683
52642964,PIZZA PIZZA,Pizza,43.722301,-79.235553
52642972,PIZZA PIZZA,Pizza,43.769557,-79.18773
52642980,PIZZA PIZZA,Pizza,43.79545,-79.22674
52642998,PIZZA PIZZA,Pizza,43.744576,-79.298924
52643004,PIZZA PIZZA,Pizza,43.752019,-79.26334
52643012,PIZZA PIZZA,Pizza,43.779212,-79.138801
52643020,PIZZA PIZZA,Pizza,43.650152,-79.406643
52643038,PIZZA PIZZA,Pizza,43.758499,-79.224788
52643046,PIZZA PIZZA,Pizza,43.810831,-79.27096
52643053,PIZZA PIZZA,Pizza,43.807376,-79.175664
52643061,PIZZA PIZZA,Pizza,43.806106,-79.219764
52643079,PIZZA PIZZA,Pizza,43.727167,-79.28748
52643087,PIZZA PIZZA,Pizza,43.79794,-79.469458
52643095,PIZZA PIZZA,Pizza,43.823936,-79.426117
52643103,PIZZA PIZZA,Pizza,44.109195,-79.120853
52643194,PIZZA PIZZA,Pizza,43.779793,-79.588192
52643202,PIZZA PIZZA,Pizza,43.802313,-79.602777
52643210,PIZZA PIZZA,Pizza,43.787773,-79.547281
52643228,PIZZA PIZZA,Pizza,43.697035,-79.4435
52643236,PIZZA PIZZA,Pizza,43.682261,-79.468441
53149159,PIZZA PIZZA,Pizza,44.214271,-79.464593
41625153,PIZZA PIZZA 13 NORTHYORK,Pizza,43.760845,-79.326535
44839215,PIZZA PIZZA LTD,Pizza,43.669425,-79.37972
49474331,PIZZA PIZZA LTD,Pizza,43.812941,-79.302448
50322494,PIZZA PIZZA LTD,Pizza,43.823936,-79.426117
51498004,PIZZA PIZZA THIRTY-FOUR,Pizza,43.682676,-79.421042
16231763,SUBWAY,Sub,44.112445,-79.572579
16232241,SUBWAY,Sub,44.065934,-79.430863
16232456,SUBWAY,Sub,43.988118,-79.464881
16232837,SUBWAY,Sub,43.730637,-79.403492
16233280,SUBWAY,Sub,43.878224,-79.241141
25499872,SUBWAY,Sub,43.667189,-79.385339
26089391,SUBWAY,Sub,43.658903,-79.384885
27248608,SUBWAY,Sub,43.666175,-79.317044
27491661,SUBWAY,Sub,44.04296,-79.83067
29133139,SUBWAY,Sub,43.649481,-79.383094
29181468,SUBWAY,Sub,43.811581,-79.359169
29181476,SUBWAY,Sub,43.827648,-79.426993
32428260,SUBWAY,Sub,44.041372,-79.450236
33657370,SUBWAY,Sub,43.698784,-79.396807
36351625,SUBWAY,Sub,43.672218,-79.378031
36351658,SUBWAY,Sub,43.667802,-79.388801
37823564,SUBWAY,Sub,44.011084,-79.445298
37941283,SUBWAY,Sub,43.659309,-79.386948
37941291,SUBWAY,Sub,43.650363,-79.378976
39372800,SUBWAY,Sub,43.82642,-79.55619
39453089,SUBWAY,Sub,43.850736,-79.354445
41669201,SUBWAY,Sub,43.64943,-79.386059
41815598,SUBWAY,Sub,43.673844,-79.388351
41978099,SUBWAY,Sub,43.690307,-79.292045
43323526,SUBWAY,Sub,43.676905,-79.355788
43804848,SUBWAY,Sub,43.842416,-79.534985
43804871,SUBWAY,Sub,43.893007,-79.442145
43804889,SUBWAY,Sub,43.844876,-79.407942
46523189,SUBWAY,Sub,43.647697,-79.384126
47536206,SUBWAY,Sub,43.718584,-79.400726
47765326,SUBWAY,Sub,43.892817,-79.290858
47876206,SUBWAY,Sub,43.660127,-79.388817
48083224,SUBWAY,Sub,43.98684,-79.38437
48485882,SUBWAY,Sub,43.651905,-79.37835
48599740,SUBWAY,Sub,43.67134,-79.381387
48876445,SUBWAY,Sub,43.652571,-79.57504
49456726,SUBWAY,Sub,43.926922,-80.09171
50828482,SUBWAY,Sub,43.767882,-79.692487
51566750,SUBWAY,Sub,43.646208,-79.383822
52784741,SUBWAY,Sub,43.682929,-79.418842
52817624,SUBWAY,Sub,43.670989,-79.295583
52820677,SUBWAY,Sub,43.679032,-79.343939
52955192,SUBWAY,Sub,43.761756,-79.409553
53069050,SUBWAY,Sub,43.739667,-79.591464
53071536,SUBWAY,Sub,43.83561,-79.508078
53131181,SUBWAY,Sub,43.782139,-79.492304
53267126,SUBWAY,Sub,43.71731,-79.723459
53301495,SUBWAY,Sub,43.400735,-79.749982
16232498,SUBWAY AT YONGE & DAVIS,Sub,44.055787,-79.475884
31805906,SUBWAY CONVENIENCE,Sub,43.688558,-79.313848
48503460,SUBWAY ON BRIMLEY,Sub,43.795833,-79.272113
51537330,SUBWAY RESTAURANT,Sub,43.650198,-79.390084
51610459,SUBWAY RESTAURANT,Sub,43.656505,-79.605675
49909237,SUBWAY SANDWICH,Sub,43.747229,-79.200219
51360667,SUBWAY SANDWICH,Sub,43.713085,-79.553915
51929610,SUBWAY SANDWICH,Sub,43.605825,-79.698994
52398732,SUBWAY SANDWICH,Sub,43.727824,-79.478824
47770755,SUBWAY SANDWICHES,Sub,43.82283,-79.53325
47907480,SUBWAY SANDWICHES,Sub,43.796822,-79.315888
48299424,SUBWAY SANDWICHES,Sub,43.596307,-79.785455
48504773,SUBWAY SANDWICHES,Sub,43.614065,-79.559632
48620843,SUBWAY SANDWICHES,Sub,43.773113,-79.442645
49041122,SUBWAY SANDWICHES,Sub,43.491647,-79.65067
49465651,SUBWAY SANDWICHES,Sub,43.657863,-79.376188
49657901,SUBWAY SANDWICHES,Sub,43.647341,-79.511927
49670102,SUBWAY SANDWICHES,Sub,43.854567,-79.056859
51337392,SUBWAY SANDWICHES,Sub,43.653377,-79.385369
51542108,SUBWAY SANDWICHES,Sub,43.832812,-79.267157
51549673,SUBWAY SANDWICHES,Sub,43.666175,-79.317044
51558922,SUBWAY SANDWICHES,Sub,43.675017,-79.401146
51625887,SUBWAY SANDWICHES,Sub,43.761756,-79.409553
51921096,SUBWAY SANDWICHES,Sub,43.660088,-79.725569
52089018,SUBWAY SANDWICHES,Sub,43.727068,-79.291758
52098480,SUBWAY SANDWICHES,Sub,43.835374,-79.355208
52985793,SUBWAY SANDWICHES,Sub,43.68689,-79.596947
53010559,SUBWAY SANDWICHES,Sub,43.794178,-79.355042
43804830,SUBWAY SANDWICHES & SALAD,Sub,43.99108,-79.72532
46161188,SUBWAY SANDWICHES & SALAD,Sub,43.825324,-79.561166
46996849,SUBWAY SANDWICHES & SALAD,Sub,43.657017,-79.43438
48464085,SUBWAY SANDWICHES & SALAD,Sub,43.731995,-79.461341
49245574,SUBWAY SANDWICHES & SALAD,Sub,43.656961,-79.405569
52963444,SUBWAY SANDWICHES & SALAD,Sub,43.774151,-79.341302
14912810,SUBWAY SANDWICHES & SALADS,Sub,43.739568,-79.603032
16231920,SUBWAY SANDWICHES & SALADS,Sub,43.726996,-79.795035
16231938,SUBWAY SANDWICHES & SALADS,Sub,43.735229,-79.708099
16232043,SUBWAY SANDWICHES & SALADS,Sub,43.545059,-79.685027
16232118,SUBWAY SANDWICHES & SALADS,Sub,43.787773,-79.547281
16232126,SUBWAY SANDWICHES & SALADS,Sub,43.528879,-79.674882
16232159,SUBWAY SANDWICHES & SALADS,Sub,43.630099,-80.042205
16232167,SUBWAY SANDWICHES & SALADS,Sub,43.722249,-79.303631
16232191,SUBWAY SANDWICHES & SALADS,Sub,43.88408,-79.440313
16232225,SUBWAY SANDWICHES & SALADS,Sub,43.767333,-79.273605
16232233,SUBWAY SANDWICHES & SALADS,Sub,43.616011,-79.609438
16232282,SUBWAY SANDWICHES & SALADS,Sub,43.449636,-79.705361
16232290,SUBWAY SANDWICHES & SALADS,Sub,43.603947,-79.589989
16232316,SUBWAY SANDWICHES & SALADS,Sub,43.844262,-79.386805
16232407,SUBWAY SANDWICHES & SALADS,Sub,43.837102,-79.088797
16232431,SUBWAY SANDWICHES & SALADS,Sub,43.637398,-79.691757
16232506,SUBWAY SANDWICHES & SALADS,Sub,43.834721,-79.306353
16232639,SUBWAY SANDWICHES & SALADS,Sub,43.631763,-79.552569
16232662,SUBWAY SANDWICHES & SALADS,Sub,43.651029,-79.904186
16232670,SUBWAY SANDWICHES & SALADS,Sub,43.615421,-79.488571
16232688,SUBWAY SANDWICHES & SALADS,Sub,43.394902,-79.711047
16232738,SUBWAY SANDWICHES & SALADS,Sub,43.772799,-79.321715
16232811,SUBWAY SANDWICHES & SALADS,Sub,43.717114,-79.4552
16232878,SUBWAY SANDWICHES & SALADS,Sub,43.665716,-79.485378
16232886,SUBWAY SANDWICHES & SALADS,Sub,43.873192,-79.72945
16232977,SUBWAY SANDWICHES & SALADS,Sub,43.46535,-79.684805
16232985,SUBWAY SANDWICHES & SALADS,Sub,43.517976,-79.878134
16233009,SUBWAY SANDWICHES & SALADS,Sub,43.615559,-79.662064
16233025,SUBWAY SANDWICHES & SALADS,Sub,43.697087,-79.751526
16233041,SUBWAY SANDWICHES & SALADS,Sub,43.62471,-79.605312
16233090,SUBWAY SANDWICHES & SALADS,Sub,43.70955,-79.269253
16233108,SUBWAY SANDWICHES & SALADS,Sub,43.849411,-78.993631
16233116,SUBWAY SANDWICHES & SALADS,Sub,43.920886,-80.090419
16233132,SUBWAY SANDWICHES & SALADS,Sub,43.666796,-79.734268
16233157,SUBWAY SANDWICHES & SALADS,Sub,43.682929,-79.418842
16233199,SUBWAY SANDWICHES & SALADS,Sub,43.968344,-79.262619
16233231,SUBWAY SANDWICHES & SALADS,Sub,43.690812,-79.575061
16233256,SUBWAY SANDWICHES & SALADS,Sub,43.590575,-79.742009
16233272,SUBWAY SANDWICHES & SALADS,Sub,43.663445,-79.402372
16233314,SUBWAY SANDWICHES & SALADS,Sub,43.819348,-79.11471
16233322,SUBWAY SANDWICHES & SALADS,Sub,43.716158,-79.634972
24524357,SUBWAY SANDWICHES & SALADS,Sub,44.214134,-79.464561
24710170,SUBWAY SANDWICHES & SALADS,Sub,43.558745,-79.706926
25403395,SUBWAY SANDWICHES & SALADS,Sub,43.876179,-79.413285
25461013,SUBWAY SANDWICHES & SALADS,Sub,43.711493,-79.375548
25469230,SUBWAY SANDWICHES & SALADS,Sub,43.661408,-79.381062
25760380,SUBWAY SANDWICHES & SALADS,Sub,43.832277,-79.06724
26114041,SUBWAY SANDWICHES & SALADS,Sub,43.74129,-79.319061
26114157,SUBWAY SANDWICHES & SALADS,Sub,43.795854,-79.419623
26116426,SUBWAY SANDWICHES & SALADS,Sub,43.757694,-79.360937
26136622,SUBWAY SANDWICHES & SALADS,Sub,43.793477,-79.240181
26620039,SUBWAY SANDWICHES & SALADS,Sub,43.590645,-79.634097
26621094,SUBWAY SANDWICHES & SALADS,Sub,43.54613,-79.591956
26808261,SUBWAY SANDWICHES & SALADS,Sub,43.710525,-79.684318
26825703,SUBWAY SANDWICHES & SALADS,Sub,43.465369,-79.743136
27500933,SUBWAY SANDWICHES & SALADS,Sub,43.801863,-79.499668
27532589,SUBWAY SANDWICHES & SALADS,Sub,43.861195,-79.310119
27599067,SUBWAY SANDWICHES & SALADS,Sub,44.3111,-79.37813
27809748,SUBWAY SANDWICHES & SALADS,Sub,43.838035,-79.087173
27812593,SUBWAY SANDWICHES & SALADS,Sub,44.092401,-79.131748
28013183,SUBWAY SANDWICHES & SALADS,Sub,43.647875,-79.401065
28052033,SUBWAY SANDWICHES & SALADS,Sub,43.769909,-79.547986
28052082,SUBWAY SANDWICHES & SALADS,Sub,43.755438,-79.348265
28359321,SUBWAY SANDWICHES & SALADS,Sub,43.433162,-79.701453
28397818,SUBWAY SANDWICHES & SALADS,Sub,43.522253,-79.901814
29161395,SUBWAY SANDWICHES & SALADS,Sub,43.720079,-79.594447
29221108,SUBWAY SANDWICHES & SALADS,Sub,44.148436,-79.882089
29735677,SUBWAY SANDWICHES & SALADS,Sub,43.712332,-79.535489
29735685,SUBWAY SANDWICHES & SALADS,Sub,43.709424,-79.475462
29860814,SUBWAY SANDWICHES & SALADS,Sub,43.484304,-79.714552
29905775,SUBWAY SANDWICHES & SALADS,Sub,43.676946,-79.769672
29932829,SUBWAY SANDWICHES & SALADS,Sub,43.569641,-79.566674
29939774,SUBWAY SANDWICHES & SALADS,Sub,43.61099,-79.694232
29939782,SUBWAY SANDWICHES & SALADS,Sub,43.584758,-79.717669
30649073,SUBWAY SANDWICHES & SALADS,Sub,43.678241,-79.441305
30675466,SUBWAY SANDWICHES & SALADS,Sub,43.618927,-79.536202
30697858,SUBWAY SANDWICHES & SALADS,Sub,43.648923,-79.374072
30703797,SUBWAY SANDWICHES & SALADS,Sub,43.651905,-79.37835
31466824,SUBWAY SANDWICHES & SALADS,Sub,43.931063,-80.100332
31570492,SUBWAY SANDWICHES & SALADS,Sub,43.775465,-79.25407
32753782,SUBWAY SANDWICHES & SALADS,Sub,43.793224,-79.441624
32780207,SUBWAY SANDWICHES & SALADS,Sub,43.806106,-79.219764
33612318,SUBWAY SANDWICHES & SALADS,Sub,43.648139,-79.396002
33644568,SUBWAY SANDWICHES & SALADS,Sub,43.665172,-79.380805
33651597,SUBWAY SANDWICHES & SALADS,Sub,43.708098,-79.392141
34054973,SUBWAY SANDWICHES & SALADS,Sub,43.860009,-79.025608
34224105,SUBWAY SANDWICHES & SALADS,Sub,43.678115,-79.719823
34256503,SUBWAY SANDWICHES & SALADS,Sub,43.601389,-79.626154
34374454,SUBWAY SANDWICHES & SALADS,Sub,43.790046,-79.417947
35247048,SUBWAY SANDWICHES & SALADS,Sub,43.658754,-79.39525
35259076,SUBWAY SANDWICHES & SALADS,Sub,43.647875,-79.401065
35270115,SUBWAY SANDWICHES & SALADS,Sub,43.656491,-79.377735
35270727,SUBWAY SANDWICHES & SALADS,Sub,43.670671,-79.393958
35827419,SUBWAY SANDWICHES & SALADS,Sub,43.42649,-79.726325
35827427,SUBWAY SANDWICHES & SALADS,Sub,43.508327,-79.668901
35841063,SUBWAY SANDWICHES & SALADS,Sub,43.7321,-79.763188
35954056,SUBWAY SANDWICHES & SALADS,Sub,43.787732,-79.353328
35976547,SUBWAY SANDWICHES & SALADS,Sub,43.768334,-79.468914
35983063,SUBWAY SANDWICHES & SALADS,Sub,43.638981,-79.426641
35990555,SUBWAY SANDWICHES & SALADS,Sub,43.655143,-79.418117
35995851,SUBWAY SANDWICHES & SALADS,Sub,43.759998,-79.22411
36301133,SUBWAY SANDWICHES & SALADS,Sub,43.649073,-79.485066
36302594,SUBWAY SANDWICHES & SALADS,Sub,43.646364,-79.390397
36320935,SUBWAY SANDWICHES & SALADS,Sub,43.643735,-79.404009
36345445,SUBWAY SANDWICHES & SALADS,Sub,43.646208,-79.383822
36351674,SUBWAY SANDWICHES & SALADS,Sub,43.688415,-79.39439
36557585,SUBWAY SANDWICHES & SALADS,Sub,43.893277,-79.264207
36851038,SUBWAY SANDWICHES & SALADS,Sub,43.773467,-79.493649
36859296,SUBWAY SANDWICHES & SALADS,Sub,43.811924,-79.332925
36859304,SUBWAY SANDWICHES & SALADS,Sub,43.77157,-79.185907
37308756,SUBWAY SANDWICHES & SALADS,Sub,43.732028,-79.822788
37319951,SUBWAY SANDWICHES & SALADS,Sub,43.442558,-79.671561
37333192,SUBWAY SANDWICHES & SALADS,Sub,43.620639,-79.571523
37333234,SUBWAY SANDWICHES & SALADS,Sub,43.571363,-79.628764
37333242,SUBWAY SANDWICHES & SALADS,Sub,43.584236,-79.765928
37798873,SUBWAY SANDWICHES & SALADS,Sub,43.85667,-79.512361
37825387,SUBWAY SANDWICHES & SALADS,Sub,44.005666,-79.468897
37934098,SUBWAY SANDWICHES & SALADS,Sub,43.66604,-79.406395
37941275,SUBWAY SANDWICHES & SALADS,Sub,43.683127,-79.325178
38365920,SUBWAY SANDWICHES & SALADS,Sub,43.76299,-79.291016
38381430,SUBWAY SANDWICHES & SALADS,Sub,43.825024,-79.301004
38390068,SUBWAY SANDWICHES & SALADS,Sub,43.633832,-79.519039
38390084,SUBWAY SANDWICHES & SALADS,Sub,43.635524,-79.540739
38392940,SUBWAY SANDWICHES & SALADS,Sub,43.691281,-79.530658
38574059,SUBWAY SANDWICHES & SALADS,Sub,43.592269,-79.639204
38574075,SUBWAY SANDWICHES & SALADS,Sub,43.517695,-79.638674
38583357,SUBWAY SANDWICHES & SALADS,Sub,43.638093,-79.719095
38625414,SUBWAY SANDWICHES & SALADS,Sub,43.70299,-79.78437
38625448,SUBWAY SANDWICHES & SALADS,Sub,43.869027,-79.869308
38625950,SUBWAY SANDWICHES & SALADS,Sub,43.668622,-79.73681
38625976,SUBWAY SANDWICHES & SALADS,Sub,43.660088,-79.725569
39094594,SUBWAY SANDWICHES & SALADS,Sub,43.659221,-79.438086
39136742,SUBWAY SANDWICHES & SALADS,Sub,43.704952,-79.349837
39136767,SUBWAY SANDWICHES & SALADS,Sub,43.702593,-79.373815
39143110,SUBWAY SANDWICHES & SALADS,Sub,43.66551,-79.368317
39153408,SUBWAY SANDWICHES & SALADS,Sub,43.650954,-79.381946
39153432,SUBWAY SANDWICHES & SALADS,Sub,43.671594,-79.387435
39372818,SUBWAY SANDWICHES & SALADS,Sub,43.775999,-79.605098
39378153,SUBWAY SANDWICHES & SALADS,Sub,43.822426,-79.370106
39382072,SUBWAY SANDWICHES & SALADS,Sub,43.85783,-79.70103
39394929,SUBWAY SANDWICHES & SALADS,Sub,43.800776,-79.4206
39740188,SUBWAY SANDWICHES & SALADS,Sub,43.846626,-79.458543
39743703,SUBWAY SANDWICHES & SALADS,Sub,43.859339,-79.434392
41581604,SUBWAY SANDWICHES & SALADS,Sub,43.846251,-79.019544
41606740,SUBWAY SANDWICHES & SALADS,Sub,43.76954,-79.375465
41619701,SUBWAY SANDWICHES & SALADS,Sub,43.651357,-79.367558
41630245,SUBWAY SANDWICHES & SALADS,Sub,43.706644,-79.399284
41656364,SUBWAY SANDWICHES & SALADS,Sub,43.654751,-79.459359
41658857,SUBWAY SANDWICHES & SALADS,Sub,43.700492,-79.428262
41773797,SUBWAY SANDWICHES & SALADS,Sub,43.756991,-79.519136
41781345,SUBWAY SANDWICHES & SALADS,Sub,43.764056,-79.488778
41796236,SUBWAY SANDWICHES & SALADS,Sub,43.731261,-79.419289
41846361,SUBWAY SANDWICHES & SALADS,Sub,43.727167,-79.28748
41855081,SUBWAY SANDWICHES & SALADS,Sub,43.748936,-79.274911
41973215,SUBWAY SANDWICHES & SALADS,Sub,43.688918,-79.348744
42480657,SUBWAY SANDWICHES & SALADS,Sub,43.701932,-79.742215
42492074,SUBWAY SANDWICHES & SALADS,Sub,43.696942,-79.799003
42514513,SUBWAY SANDWICHES & SALADS,Sub,43.860602,-79.995351
42531400,SUBWAY SANDWICHES & SALADS,Sub,43.556636,-79.738918
42567214,SUBWAY SANDWICHES & SALADS,Sub,43.666308,-79.685551
42586776,SUBWAY SANDWICHES & SALADS,Sub,43.603512,-79.649445
42752444,SUBWAY SANDWICHES & SALADS,Sub,43.491647,-79.65067
43283829,SUBWAY SANDWICHES & SALADS,Sub,43.66342,-79.418602
43283837,SUBWAY SANDWICHES & SALADS,Sub,43.675017,-79.401146
43283845,SUBWAY SANDWICHES & SALADS,Sub,43.676139,-79.410216
43306448,SUBWAY SANDWICHES & SALADS,Sub,43.670774,-79.475252
43342807,SUBWAY SANDWICHES & SALADS,Sub,43.639472,-79.383474
43809011,SUBWAY SANDWICHES & SALADS,Sub,43.782139,-79.492304
43822683,SUBWAY SANDWICHES & SALADS,Sub,43.806346,-79.471741
44376226,SUBWAY SANDWICHES & SALADS,Sub,43.786874,-79.471302
44376234,SUBWAY SANDWICHES & SALADS,Sub,43.771543,-79.413318
44376242,SUBWAY SANDWICHES & SALADS,Sub,43.794178,-79.355042
44376259,SUBWAY SANDWICHES & SALADS,Sub,43.805898,-79.383996
44382547,SUBWAY SANDWICHES & SALADS,Sub,43.725868,-79.457223
44382570,SUBWAY SANDWICHES & SALADS,Sub,43.764253,-79.398325
44430296,SUBWAY SANDWICHES & SALADS,Sub,43.743088,-79.219824
44437630,SUBWAY SANDWICHES & SALADS,Sub,43.810919,-79.243112
44446359,SUBWAY SANDWICHES & SALADS,Sub,43.717691,-79.569708
44574127,SUBWAY SANDWICHES & SALADS,Sub,43.84797,-79.073808
44604452,SUBWAY SANDWICHES & SALADS,Sub,43.720504,-79.511225
44619922,SUBWAY SANDWICHES & SALADS,Sub,43.710652,-79.248386
44641942,SUBWAY SANDWICHES & SALADS,Sub,43.708646,-79.398863
44649556,SUBWAY SANDWICHES & SALADS,Sub,43.648202,-79.381826
44696318,SUBWAY SANDWICHES & SALADS,Sub,43.730637,-79.403492
44704997,SUBWAY SANDWICHES & SALADS,Sub,43.799256,-79.333966
44710465,SUBWAY SANDWICHES & SALADS,Sub,43.597942,-79.518597
44718393,SUBWAY SANDWICHES & SALADS,Sub,43.650088,-79.450406
44820579,SUBWAY SANDWICHES & SALADS,Sub,43.615049,-79.524125
44843118,SUBWAY SANDWICHES & SALADS,Sub,43.645764,-79.38736
45675543,SUBWAY SANDWICHES & SALADS,Sub,43.751415,-79.739976
45688793,SUBWAY SANDWICHES & SALADS,Sub,43.580835,-79.617326
45696960,SUBWAY SANDWICHES & SALADS,Sub,43.545059,-79.685027
46179156,SUBWAY SANDWICHES & SALADS,Sub,43.785005,-79.185418
46215646,SUBWAY SANDWICHES & SALADS,Sub,43.84344,-79.430584
46218384,SUBWAY SANDWICHES & SALADS,Sub,43.75544,-79.439466
46283552,SUBWAY SANDWICHES & SALADS,Sub,43.779529,-79.416446
46319315,SUBWAY SANDWICHES & SALADS,Sub,43.709106,-79.294884
46367702,SUBWAY SANDWICHES & SALADS,Sub,43.73738,-79.434436
46378303,SUBWAY SANDWICHES & SALADS,Sub,43.668589,-79.339004
46544383,SUBWAY SANDWICHES & SALADS,Sub,43.630644,-79.482694
46650412,SUBWAY SANDWICHES & SALADS,Sub,43.508822,-79.864551
46959078,SUBWAY SANDWICHES & SALADS,Sub,43.688908,-79.390695
46976627,SUBWAY SANDWICHES & SALADS,Sub,43.524891,-79.88469
47517404,SUBWAY SANDWICHES & SALADS,Sub,43.783773,-79.57451
47752530,SUBWAY SANDWICHES & SALADS,Sub,44.058005,-79.481254
48082887,SUBWAY SANDWICHES & SALADS,Sub,43.624435,-79.626866
48508857,SUBWAY SANDWICHES & SALADS,Sub,43.598902,-79.544017
48513303,SUBWAY SANDWICHES & SALADS,Sub,43.679032,-79.343939
49783186,SUBWAY SANDWICHES & SALADS,Sub,43.695882,-79.448937
49917909,SUBWAY SANDWICHES & SALADS,Sub,43.688173,-79.412706
51242097,SUBWAY SANDWICHES & SALADS,Sub,43.628902,-79.874521
51607018,SUBWAY SANDWICHES & SALADS,Sub,43.746462,-79.69942
51873404,SUBWAY SANDWICHES & SALADS,Sub,43.724813,-79.337193
51906832,SUBWAY SANDWICHES & SALADS,Sub,43.536714,-79.873108
51936490,SUBWAY SANDWICHES & SALADS,Sub,43.560502,-79.704747
52079597,SUBWAY SANDWICHES & SALADS,Sub,43.643674,-79.375749
53054920,SUBWAY SANDWICHES & SALADS,Sub,44.10864,-79.58937
53012977,ACME BURGER CO,Hamburger,43.626054,-79.503384
35270107,SUBS PLUS,Sub,43.670398,-79.386442
37333226,SUBWAY/NEW YORK FRIES,Sub,43.643194,-79.63401
